銘柄CD,銘柄名,取得日時,区分,PER(予),PBR(実),ROE(実),配当(予),直近株価,目標株価,売上高,出来高,-比(5d),-比(20d),乖離(5d),乖離(25d),純利,総資産,自己資本,自資比,売上高利益率,総資本回転率,財務レバレッジ
8035.T,東京エレクトロン,10-09 14:56,半導体装置,9.717232,2.6393485,30.93,456.8,12440.0,15274.782,2626335014912,10613000,0.91,0.69,-0.8,13.0,620993970176,2860997000000.0,2069994000000.0,72.35,23.64,0.92,1.38
6146.T,ディスコ,10-09 14:57,半導体装置,45.0424,11.421206,27.38,547.0,61300.0,81575.0,461283000320,1284700,0.62,0.78,-2.09,9.63,145975001088,743410000000.0,587758000000.0,79.06,31.64,0.62,1.26
6920.T,レーザーテック,10-09 14:57,半導体装置,44.242195,17.544949,33.93,422.0,48320.0,48650.0,230485000192,4273000,0.97,1.02,3.08,22.54,77484998656,329601000000.0,209898000000.0,63.68,33.62,0.7,1.57
6857.T,アドバンテスト,10-09 14:57,半導体装置,174.27335,28.767237,56.89,60.0,41430.0,42685.715,1232306962432,12982100,0.9,1.1,0.66,19.07,459953012736,1171816000000.0,795726000000.0,67.91,37.33,1.05,1.47
7735.T,SCREENホールディングス,10-09 14:57,半導体装置,19.006516,6.3236904,18.87,246.0,16625.0,17537.5,591737978880,2274400,1.14,1.12,3.31,19.79,85805998080,722421000000.0,486568000000.0,67.35,14.5,0.82,1.48
6367.T,ダイキン工業,10-09 14:57,空調・機械,21.348145,1.9661872,9.6,360.0,21140.0,24638.152,5228024823808,862900,0.73,0.75,1.04,2.38,273838997504,5809240000000.0,3254652000000.0,56.03,5.24,0.9,1.78
6227.T,AIメカテック,10-09 14:57,半導体装置,37.193405,12.008807,28.09,22.0,9250.0,11700.0,35243999232,1417100,0.97,1.13,5.88,34.81,3560000000,27373524000.0,10861128000.0,39.68,10.1,1.29,2.52
6963.T,ローム,10-09 14:57,電子部品,56.657845,2.4549918,,50.0,4923.0,5963.636,500681998336,3078500,0.98,1.01,-5.73,0.9,-152403001344,1283559000000.0,757963000000.0,59.05,-30.44,0.39,1.69
6758.T,ソニーグループ,10-09 14:57,電機・娯楽,20.764193,2.6691551,13.16,35.0,3804.0,4845.2173,12695775477760,9847200,0.9,0.74,1.47,1.98,1114027065344,15683490000000.0,8119011000000.0,51.77,-1.75,0.81,1.93
6723.T,ルネサスエレクトロニクス,10-09 14:57,半導体メーカー,12.822571,2.3221617,13.95,28.0,3621.0,5096.154,1485643055104,7878500,0.58,0.72,-5.47,5.21,340912013312,4177163000000.0,2443034000000.0,58.49,22.95,0.36,1.71
6976.T,太陽誘電,10-09 14:57,電子部品,59.827007,3.9632447,5.33,90.0,11205.0,14793.75,364428001280,20201700,0.79,0.71,1.41,16.92,18186000384,615536000000.0,344412000000.0,55.95,4.99,0.59,1.79
6981.T,村田製作所,10-09 14:57,電子部品,33.729507,5.280375,10.06,70.0,8003.0,10413.889,1916966010880,17980300,0.87,0.84,-5.91,3.22,265492004864,3199099000000.0,2718743000000.0,84.98,13.85,0.6,1.18
4063.T,信越化学工業,10-09 14:57,化学・材料,18.50605,2.489331,11.23,116.0,6102.0,7762.9414,2607843901440,3621200,0.64,0.55,-1.57,3.66,478859984896,5661907000000.0,4464428000000.0,78.85,18.36,0.46,1.27
4062.T,イビデン,10-09 14:57,電子部品,37.690964,11.420944,12.65,20.0,11645.0,12426.471,441956007936,7771100,0.8,0.53,-3.59,7.63,68903002112,960425000000.0,550071000000.0,57.27,15.59,0.46,1.75
4043.T,徳山,10-09 14:57,化学・材料,9.776098,1.0311028,,144.0,4113.0,5186.6665,353301987328,363600,0.85,0.8,-0.76,1.67,22498000896,557432000000.0,283085000000.0,50.78,,0.63,1.97
5332.T,TOTO,10-09 14:57,機械・陶磁器,24.824818,1.8593078,7.42,120.0,6058.0,7852.5,740305010688,569900,0.59,0.54,-1.78,3.22,40855998464,827483000000.0,528226000000.0,63.84,5.52,0.89,1.57
5333.T,日本ガイシ,10-09 14:57,機械・陶磁器,28.217722,1.9568015,9.24,106.0,5630.0,6987.143,687814017024,855000,0.64,0.62,-2.62,5.81,71410999296,1243330000000.0,809236000000.0,65.09,10.38,0.55,1.54
6645.T,オムロン,10-09 14:57,電機・制御機器,23.433062,1.5010796,5.13,104.0,6352.0,6950.0,810734977024,846000,0.84,0.71,-1.56,1.73,43470999552,1516263000000.0,835885000000.0,55.13,4.26,0.53,1.81
6501.T,日立製作所,10-09 14:57,電機・インフラ,31.89805,3.8766644,,56.0,5682.0,6600.0,11038041833472,4994400,0.59,0.5,0.64,4.9,799613976576,15041246000000.0,6568369000000.0,43.67,7.24,0.73,2.29
6503.T,三菱電機,10-09 14:57,電機・インフラ,30.882887,2.2834904,10.28,60.0,5100.0,6813.3335,6078959976448,3547700,0.69,0.62,-2.41,-1.57,426648993792,7357512000000.0,4484266000000.0,60.95,7.02,0.83,1.64
6506.T,安川電機,10-09 14:57,電機・機械,23.38328,2.5618253,7.51,72.0,4791.0,6271.1763,555461967872,3250300,0.84,0.96,-1.8,4.96,33732999168,812365000000.0,483542000000.0,59.52,6.07,0.68,1.68
6326.T,クボタ,10-09 14:57,機械,13.326898,1.0571647,10.01,52.0,2623.0,3195.4546,3254238052352,1997900,0.46,0.47,-2.65,-5.84,267889000448,6204909000000.0,2622985000000.0,42.27,8.23,0.52,2.37
6861.T,キーエンス,10-09 14:57,電機・計測器,42.98513,5.485747,,550.0,80270.0,97866.664,1254834044928,249900,0.6,0.45,-0.9,2.54,492202000384,3670655000000.0,3471471000000.0,94.57,39.22,0.34,1.06
6855.T,日本電子材料,10-09 14:57,半導体材料,28.659328,2.7917082,17.81,110.0,8850.0,,33570000896,637800,1.17,1.17,2.48,22.06,6632000000,58476000000.0,44878000000.0,76.75,19.76,0.57,1.3
7729.T,東京精密,10-09 14:57,半導体装置,33.664017,4.3677144,14.4,304.0,20530.0,20837.5,172679004160,209400,0.73,0.66,0.92,15.29,26176999424,250533000000.0,191696000000.0,76.52,15.16,0.69,1.31
6762.T,TDK,10-09 14:57,電子部品,30.754118,2.7139564,11.63,40.0,3287.0,4190.625,2710071934976,10517100,0.56,0.84,-4.7,9.36,234781999104,4415175000000.0,2187234000000.0,49.54,8.66,0.61,2.02
6770.T,アルプスアルパイン,10-09 14:57,電子部品,20.899916,0.9812469,6.24,64.0,2236.5,2228.5715,1018427998208,1067600,0.74,0.71,0.04,1.75,26114000896,783152000000.0,447532000000.0,57.14,2.56,1.3,1.75
6954.T,ファナック,10-09 14:57,機械・ロボット,35.174168,3.0023766,10.05,107.09,6089.0,7278.8887,892502999040,3342700,0.95,0.78,-0.76,2.67,179680002048,2090700000000.0,1864871000000.0,89.2,20.13,0.43,1.12
6902.T,デンソー,10-09 14:57,自動車部品,9.477751,0.8960912,9.2,74.0,1827.5,2115.0,7699706150912,4091100,0.63,0.55,-0.56,-1.88,432361996288,8730854000000.0,5492689000000.0,62.91,5.61,0.88,1.59
6644.T,大崎電気工業,10-09 14:57,電機,18.592297,1.0775306,11.73,40.0,1400.0,2075.0,101856002048,214500,1.03,0.63,-2.14,-2.85,6609999872,99821000000.0,57255000000.0,57.36,6.49,1.02,1.74
6701.T,NEC,10-09 14:58,電機・IT,7.204851,3.075308,14.16,40.0,5180.0,6273.077,3686849052672,5344000,0.97,0.99,2.93,8.05,300615991296,4466784000000.0,2196578000000.0,49.18,8.15,0.83,2.03
6702.T,富士通,10-09 14:58,電機・IT,27.903757,3.6079266,16.2,60.0,4233.0,4833.846,3532488966144,6634400,0.96,0.93,2.74,7.48,317783015424,3399745000000.0,2024915000000.0,59.56,9.0,1.04,1.68
6703.T,沖電気工業,10-09 14:58,電機・IT,20.007671,1.3168997,16.4,65.0,2608.0,4400.0,422695993344,324900,0.84,0.54,-2.89,-3.17,25606000640,445211000000.0,180329000000.0,40.5,6.06,0.95,2.47
6752.T,パナソニックHD,10-09 14:58,電機,26.295528,1.9176565,5.25,54.0,4440.0,4973.6875,8170945118208,4966700,0.71,0.6,-3.81,1.43,253246996480,10172412000000.0,5211272000000.0,51.23,3.1,0.8,1.95
6753.T,シャープ,10-09 14:58,電機,11.319611,1.3567185,9.6,,615.9000244140625,660.0,1855524962304,2445500,0.73,0.62,-2.41,-5.06,23310000128,1428253000000.0,281850000000.0,19.73,1.26,1.3,5.07
6971.T,京セラ,10-09 14:58,電子部品,41.843575,1.4629307,5.06,56.0,3745.0,3584.6667,2117547982848,3746100,0.95,0.76,-1.67,3.8,164402003968,4646314000000.0,3339431000000.0,71.87,7.76,0.46,1.39
6996.T,ニチコン,10-09 14:58,電子部品,29.470642,1.4241676,6.69,40.0,2650.0,3808.5715,174837006336,516900,0.79,0.74,-1.9,2.03,7593999872,195570000000.0,119602000000.0,61.16,4.34,0.89,1.64
7741.T,HOYA,10-09 14:58,光学機器,36.541813,8.225755,26.53,295.0,24965.0,30200.0,983639982080,758200,0.69,0.61,-0.08,5.35,267036000256,1300897000000.0,1020460000000.0,78.44,27.18,0.76,1.27
7751.T,キヤノン,10-09 14:58,光学機器,12.941047,1.143635,10.37,160.0,4691.0,4731.8184,4700702244864,1920600,0.76,0.67,1.03,3.17,347333001216,6135044000000.0,3491808000000.0,56.92,7.39,0.77,1.76
8113.T,ユニ・チャーム,10-09 14:58,日用品,5.4154177,2.0301588,8.29,22.0,957.5,1120.5714,968231026688,4075000,0.76,0.88,1.73,0.47,64429998080,1223176000000.0,794705000000.0,64.97,6.65,0.79,1.54
6504.T,富士電機,10-09 14:58,電機・インフラ,24.554674,2.7534578,14.27,214.0,14915.0,16733.334,1252937957376,622500,0.96,0.93,-1.04,10.04,107801001984,1406669000000.0,800161000000.0,56.88,8.6,0.89,1.76
6508.T,明電舎,10-09 14:58,電機・インフラ,40.4936,3.1314487,17.82,166.0,12240.0,12820.0,341216002048,169500,0.9,0.83,0.92,9.87,28219000832,373668000000.0,174888000000.0,46.8,8.27,0.91,2.14
6740.T,ジャパンディスプレイ,10-09 14:58,電機,-8.385744,74.62686,,,40.0,,123806998528,8442200,0.4,0.55,-3.85,-14.02,-3008000000,124248000000.0,-7415000000.0,-5.97,-2.43,1.0,-16.76
6841.T,横河電機,10-09 14:58,電機・計測器,21.35783,2.2855213,,92.0,4615.0,6003.75,615965982720,735500,0.6,0.7,-1.06,-0.58,55176998912,795618000000.0,520016000000.0,65.36,,0.77,1.53
6845.T,アズビル,10-09 14:58,機械・制御機器,25.307291,3.2337463,16.8,38.0,1503.0,1710.0,300203016192,613000,0.48,0.41,1.13,4.06,38639001600,332240000000.0,252852000000.0,76.11,12.87,0.9,1.31
6856.T,リコー電子デバイス,10-09 14:58,半導体,27.117012,3.0127904,12.68,360.0,26185.0,29000.0,363991007232,140700,0.7,0.58,0.15,11.15,43036999680,518279000000.0,348601000000.0,67.26,11.82,0.7,1.49
6923.T,スタンレー電気,10-09 14:58,自動車電装品,13.91349,0.93852335,7.18,112.0,3519.0,3896.0,544474005504,205300,0.59,0.47,0.0,0.99,31797000192,809264000000.0,454525000000.0,56.17,5.84,0.67,1.78
6951.T,日本電子,10-09 14:58,光学機器,15.186753,2.8772457,11.3,132.0,8319.0,8740.0,163672997888,318400,0.98,1.07,1.9,12.8,15717999616,242026000000.0,144897000000.0,59.87,,0.68,1.67
6952.T,カシオ計算機,10-09 14:58,電機,42.233376,2.0950048,10.54,45.0,2229.5,2227.5,288586989568,499300,0.37,0.32,-0.77,1.91,23882999808,351475000000.0,235163000000.0,66.91,8.28,0.82,1.49
6965.T,浜松ホトニクス,10-09 14:58,光学機器,28.438465,2.186282,5.52,38.0,2398.5,2583.3333,229631000576,1077200,0.57,0.53,-2.03,4.18,17213999104,455008000000.0,321520000000.0,70.66,7.5,0.5,1.42
6995.T,東海理化電機製作所,10-09 14:58,自動車電装品,11.731909,0.73902833,8.71,120.0,3030.0,3106.6667,657288986624,59600,0.56,0.47,-0.59,-1.57,28815998976,548334000000.0,347775000000.0,63.42,4.38,1.2,1.58
7752.T,リコー,10-09 14:58,電機・事務機器,14.839352,0.82078767,7.45,44.0,1713.5,1470.0,2657328037888,1485800,0.75,0.75,1.56,4.62,83101999104,2540181000000.0,1156141000000.0,45.51,3.13,1.05,2.2
